spec,estimand,dropped_id,dropped_label,b,se,tau,N,clusters,full_b_tmp,full_b,delta,abs_delta
T3_col1_test,Overall,1,Abott Kogan Lavertu Peskowitz(2020),.0309185409158317,.0055373185,.020176204,37,21,,.0316167169261437,-.000698176010312,.000698176010312
T3_col1_test,Overall,30,Miller(2018),.0298568478472983,.0056823031,.020539228,39,21,,.0316167169261437,-.0017598690788454,.0017598690788454
T3_col1_test,Overall,3,Baron(2022),.0311953641217316,.0055662598,.020609448,38,21,,.0316167169261437,-.0004213528044121,.0004213528044121
T3_col1_test,Overall,17,Hong Zimmer(2016),.0306173444191998,.0055453447,.020543979,39,21,,.0316167169261437,-.0009993725069439,.0009993725069439
T3_col1_test,Overall,32,Neilson Zimmerman(2014),.0317759457015799,.0059287865,.021416567,39,21,,.0316167169261437,.0001592287754362,.0001592287754362
T3_col1_test,Overall,99,Chaudhary(2009) Hyman(2017) Papke(2008) Roy(2011),.0306726141630638,.0054876725,.019206492,37,21,,.0316167169261437,-.0009441027630799,.0009441027630799
T3_col1_test,Overall,5,Baron(2022),.0319063866455085,.0055828714,.020261582,37,21,,.0316167169261437,.0002896697193648,.0002896697193648
T3_col1_test,Overall,10,Cellini Ferreira Rothstein(2010),.030496164624268,.005464694,.01983376,39,21,,.0316167169261437,-.0011205523018757,.0011205523018757
T3_col1_test,Overall,35,Rauscher(2020),.0326978509309938,.0059296577,.020862477,38,21,,.0316167169261437,.0010811340048501,.0010811340048501
T3_col1_test,Overall,98,Conlin Thompson(2017) Goncalves(2015),.0334471012040781,.0057488061,.021051828,37,21,,.0316167169261437,.0018303842779344,.0018303842779344
T3_col1_test,Overall,102,Martorell Stange McFarlin(2016),.0321221997243253,.0059539862,.0214753,39,21,,.0316167169261437,.0005054827981816,.0005054827981816
T3_col1_test,Overall,27,Lafortune Schonholzer(2022),.0306218426202604,.0057674651,.020987619,39,21,,.0316167169261437,-.0009948743058833,.0009948743058833
T3_col1_test,Overall,37,Weinstein Stiefel Schwartz Chalico(2009),.0336396435235106,.0053268094,.019396866,39,21,,.0316167169261437,.0020229265973669,.0020229265973669
T3_col1_test,Overall,8,Carlson Lavertu(2018),.0304880015479641,.0055276901,.020471068,39,21,,.0316167169261437,-.0011287153781796,.0011287153781796
T3_col1_test,Overall,12,Clark(2003),.0334946993985938,.0060336702,.022167273,39,21,,.0316167169261437,.0018779824724501,.0018779824724501
T3_col1_test,Overall,16,Guryan(2001),.0317363255052731,.0056658653,.021138338,39,21,,.0316167169261437,.0001196085791294,.0001196085791294
T3_col1_test,Overall,24,Kreisman Steinberg(2019),.0301829510670122,.0056534647,.020361224,37,21,,.0316167169261437,-.0014337658591315,.0014337658591315
T3_col1_test,Overall,14,Gigliotti Sorensen(2018),.0307252809987312,.0060433405,.021615097,39,21,,.0316167169261437,-.0008914359274125,.0008914359274125
T3_col1_test,Overall,100,Brunner Hyman Ju(2020) Lafortune Rothstein Schanzenbach(2018),.0317658310351086,.0060519371,.02088294,34,21,,.0316167169261437,.0001491141089649,.0001491141089649
T3_col1_test,Overall,34,Rauscher(2020),.0341198487747415,.0056627407,.020364499,38,21,,.0316167169261437,.0025031318485978,.0025031318485978
T3_col1_test,Overall,23,Kogan Lavertu Peskowitz(2017),.0330578856895013,.0061117611,.022198848,39,21,,.0316167169261437,.0014411687633576,.0014411687633576
T3_col1_test,Overall,0,full sample,.0316167169261437,.0055882218,.02072306,40,22,.0316167169261437,.0316167169261437,,
T3_col1_test,Overall,19,Jackson Wigger Xiong(2021),.0304960785827988,.005778993,.020970097,39,21,,.0316167169261437,-.0011206383433449,.0011206383433449
T3_col2_capi,Capital,24,Kreisman Steinberg(2019),.0265977108278123,.0097668441,.021043042,37,21,,.0266080082081685,-.0000102973803562,.0000102973803562
T3_col2_capi,Capital,102,Martorell Stange McFarlin(2016),.0272978177305295,.0120017,.022093635,39,21,,.0266080082081685,.000689809522361,.000689809522361
T3_col2_capi,Capital,10,Cellini Ferreira Rothstein(2010),.0231744871301987,.0088290777,.019744704,39,21,,.0266080082081685,-.0034335210779697,.0034335210779697
T3_col2_capi,Capital,16,Guryan(2001),.0268077196580032,.0098037357,.021580193,39,21,,.0266080082081685,.0001997114498347,.0001997114498347
T3_col2_capi,Capital,98,Conlin Thompson(2017) Goncalves(2015),.0319899637182722,.011958011,.022107465,37,21,,.0266080082081685,.0053819555101038,.0053819555101038
T3_col2_capi,Capital,23,Kogan Lavertu Peskowitz(2017),.0270757640335193,.009854665,.022282558,39,21,,.0266080082081685,.0004677558253508,.0004677558253508
T3_col2_capi,Capital,27,Lafortune Schonholzer(2022),.0221470202771023,.0092819743,.020927498,39,21,,.0266080082081685,-.0044609879310662,.0044609879310662
T3_col2_capi,Capital,30,Miller(2018),.0268774192292452,.009816559,.021761008,39,21,,.0266080082081685,.0002694110210767,.0002694110210767
T3_col2_capi,Capital,32,Neilson Zimmerman(2014),.026154894803392,.011562456,.021902394,39,21,,.0266080082081685,-.0004531134047765,.0004531134047765
T3_col2_capi,Capital,34,Rauscher(2020),.0340955138874687,.011654515,.021509772,38,21,,.0266080082081685,.0074875056793002,.0074875056793002
T3_col2_capi,Capital,99,Chaudhary(2009) Hyman(2017) Papke(2008) Roy(2011),.0258829502965505,.0096599823,.019299209,37,21,,.0266080082081685,-.000725057911618,.000725057911618
T3_col2_capi,Capital,1,Abott Kogan Lavertu Peskowitz(2020),.0263767576921312,.0097307926,.020490184,37,21,,.0266080082081685,-.0002312505160373,.0002312505160373
T3_col2_capi,Capital,19,Jackson Wigger Xiong(2021),.0268858521189981,.0098181302,.021782972,39,21,,.0266080082081685,.0002778439108297,.0002778439108297
T3_col2_capi,Capital,8,Carlson Lavertu(2018),.0265631064497305,.0097610131,.02095563,39,21,,.0266080082081685,-.000044901758438,.000044901758438
T3_col2_capi,Capital,0,full sample,.0266080082081685,.0097685922,.021069113,40,22,.0266080082081685,.0266080082081685,,
T3_col2_capi,Capital,14,Gigliotti Sorensen(2018),.0273891148577188,.0099198576,.023127874,39,21,,.0266080082081685,.0007811066495503,.0007811066495503
T3_col2_capi,Capital,100,Brunner Hyman Ju(2020) Lafortune Rothstein Schanzenbach(2018),.026695585212785,.0097837141,.021291954,34,21,,.0266080082081685,.0000875770046166,.0000875770046166
T3_col2_capi,Capital,37,Weinstein Stiefel Schwartz Chalico(2009),.0257125008655296,.0096385153,.018902121,39,21,,.0266080082081685,-.0008955073426389,.0008955073426389
T3_col2_capi,Capital,35,Rauscher(2020),.026555296705185,.0097597064,.020935943,38,21,,.0266080082081685,-.0000527115029835,.0000527115029835
T3_col2_capi,Capital,12,Clark(2003),.0268598741861163,.0098133031,.021715373,39,21,,.0266080082081685,.0002518659779479,.0002518659779479
T3_col2_capi,Capital,17,Hong Zimmer(2016),.0232323822702019,.0090384567,.020612486,39,21,,.0266080082081685,-.0033756259379666,.0033756259379666
T3_col2_capi,Capital,5,Baron(2022),.0275425894840258,.0099830283,.020576483,37,21,,.0266080082081685,.0009345812758573,.0009345812758573
T3_col2_capi,Capital,3,Baron(2022),.0265768254421647,.0097633163,.020990247,38,21,,.0266080082081685,-.0000311827660037,.0000311827660037
T3_col2_capi,Overall,5,Baron(2022),.0342454353482252,.006765407,.020576483,37,21,,.0343007373969769,-.0000553020487516,.0000553020487516
T3_col2_capi,Overall,16,Guryan(2001),.0344547910252725,.0069714729,.021580193,39,21,,.0343007373969769,.0001540536282957,.0001540536282957
T3_col2_capi,Overall,100,Brunner Hyman Ju(2020) Lafortune Rothstein Schanzenbach(2018),.0348387694545682,.0077130035,.021291954,34,21,,.0343007373969769,.0005380320575914,.0005380320575914
T3_col2_capi,Overall,99,Chaudhary(2009) Hyman(2017) Papke(2008) Roy(2011),.0331641107873928,.0066121323,.019299209,37,21,,.0343007373969769,-.0011366266095841,.0011366266095841
T3_col2_capi,Overall,32,Neilson Zimmerman(2014),.0343962778485866,.0068905177,.021902394,39,21,,.0343007373969769,.0000955404516097,.0000955404516097
T3_col2_capi,Overall,27,Lafortune Schonholzer(2022),.0342847501099325,.0067979754,.020927498,39,21,,.0343007373969769,-.0000159872870443,.0000159872870443
T3_col2_capi,Overall,35,Rauscher(2020),.0362137528267159,.0073168469,.020935943,38,21,,.0343007373969769,.001913015429739,.001913015429739
T3_col2_capi,Overall,10,Cellini Ferreira Rothstein(2010),.0341540439035566,.0066900072,.019744704,39,21,,.0343007373969769,-.0001466934934203,.0001466934934203
T3_col2_capi,Overall,3,Baron(2022),.0336862211082697,.0067892657,.020990247,38,21,,.0343007373969769,-.0006145162887072,.0006145162887072
T3_col2_capi,Overall,24,Kreisman Steinberg(2019),.0324034616461522,.0070924256,.021043042,37,21,,.0343007373969769,-.0018972757508247,.0018972757508247
T3_col2_capi,Overall,8,Carlson Lavertu(2018),.0326833491266294,.0067682755,.02095563,39,21,,.0343007373969769,-.0016173882703474,.0016173882703474
T3_col2_capi,Overall,19,Jackson Wigger Xiong(2021),.0328106680198411,.0073491028,.021782972,39,21,,.0343007373969769,-.0014900693771357,.0014900693771357
T3_col2_capi,Overall,17,Hong Zimmer(2016),.0342494473648658,.0067687281,.020612486,39,21,,.0343007373969769,-.000051290032111,.000051290032111
T3_col2_capi,Overall,98,Conlin Thompson(2017) Goncalves(2015),.034420176652868,.0069103432,.022107465,37,21,,.0343007373969769,.0001194392558911,.0001194392558911
T3_col2_capi,Overall,23,Kogan Lavertu Peskowitz(2017),.0366154291148017,.0076336106,.022282558,39,21,,.0343007373969769,.0023146917178248,.0023146917178248
T3_col2_capi,Overall,37,Weinstein Stiefel Schwartz Chalico(2009),.0376205748822489,.0060531897,.018902121,39,21,,.0343007373969769,.0033198374852721,.0033198374852721
T3_col2_capi,Overall,30,Miller(2018),.0320603548091153,.0072866441,.021761008,39,21,,.0343007373969769,-.0022403825878615,.0022403825878615
T3_col2_capi,Overall,34,Rauscher(2020),.0343509479988874,.0068528969,.021509772,38,21,,.0343007373969769,.0000502106019105,.0000502106019105
T3_col2_capi,Overall,12,Clark(2003),.0372897837610853,.0072978488,.021715373,39,21,,.0343007373969769,.0029890463641084,.0029890463641084
T3_col2_capi,Overall,14,Gigliotti Sorensen(2018),.0333090767993992,.0079743816,.023127874,39,21,,.0343007373969769,-.0009916605975777,.0009916605975777
T3_col2_capi,Overall,0,full sample,.0343007373969769,.0068112328,.021069113,40,22,.0343007373969769,.0343007373969769,,
T3_col2_capi,Overall,1,Abott Kogan Lavertu Peskowitz(2020),.0333529429074239,.0067348708,.020490184,37,21,,.0343007373969769,-.0009477944895529,.0009477944895529
T3_col2_capi,Overall,102,Martorell Stange McFarlin(2016),.0344185600655346,.0069090025,.022093635,39,21,,.0343007373969769,.0001178226685577,.0001178226685577
T3_col3_LI_c,Capital,16,Guryan(2001),.0307889519830926,.0093863308,.021600557,39,21,,.0306108981592674,.0001780538238252,.0001780538238252
T3_col3_LI_c,Capital,0,full sample,.0306108981592674,.0093257716,.021032995,40,22,.0306108981592674,.0306108981592674,,
T3_col3_LI_c,Capital,35,Rauscher(2020),.0309881961201482,.0092398617,.020801472,38,21,,.0306108981592674,.0003772979608808,.0003772979608808
T3_col3_LI_c,Capital,100,Brunner Hyman Ju(2020) Lafortune Rothstein Schanzenbach(2018),.0313758872738946,.0099654943,.021654638,34,21,,.0306108981592674,.0007649891146272,.0007649891146272
T3_col3_LI_c,Capital,12,Clark(2003),.031387602060554,.0092716906,.021465437,39,21,,.0306108981592674,.0007767039012866,.0007767039012866
T3_col3_LI_c,Capital,24,Kreisman Steinberg(2019),.0323437361924561,.0094348695,.020900842,37,21,,.0306108981592674,.0017328380331887,.0017328380331887
T3_col3_LI_c,Capital,23,Kogan Lavertu Peskowitz(2017),.0314279553134991,.0093945507,.022229809,39,21,,.0306108981592674,.0008170571542316,.0008170571542316
T3_col3_LI_c,Capital,14,Gigliotti Sorensen(2018),.0310882661281448,.0096759386,.02354045,39,21,,.0306108981592674,.0004773679688773,.0004773679688773
T3_col3_LI_c,Capital,37,Weinstein Stiefel Schwartz Chalico(2009),.0306901320771937,.0089047505,.018486599,39,21,,.0306108981592674,.0000792339179263,.0000792339179263
T3_col3_LI_c,Capital,3,Baron(2022),.0309515650724966,.0092923222,.020926652,38,21,,.0306108981592674,.0003406669132292,.0003406669132292
T3_col3_LI_c,Capital,5,Baron(2022),.031262346059344,.009353146,.020499483,37,21,,.0306108981592674,.0006514479000765,.0006514479000765
T3_col3_LI_c,Capital,32,Neilson Zimmerman(2014),.0307429428354885,.011821645,.021981049,39,21,,.0306108981592674,.000132044676221,.000132044676221
T3_col3_LI_c,Capital,98,Conlin Thompson(2017) Goncalves(2015),.0364692089831259,.0095407907,.021668123,37,21,,.0306108981592674,.0058583108238585,.0058583108238585
T3_col3_LI_c,Capital,102,Martorell Stange McFarlin(2016),.0322414747737242,.011856865,.022055199,39,21,,.0306108981592674,.0016305766144568,.0016305766144568
T3_col3_LI_c,Capital,10,Cellini Ferreira Rothstein(2010),.026570636086641,.008780106,.019791294,39,21,,.0306108981592674,-.0040402620726264,.0040402620726264
T3_col3_LI_c,Capital,27,Lafortune Schonholzer(2022),.025719068601829,.0098966407,.021272935,39,21,,.0306108981592674,-.0048918295574384,.0048918295574384
T3_col3_LI_c,Capital,99,Chaudhary(2009) Hyman(2017) Papke(2008) Roy(2011),.0298782831733745,.009161693,.01907282,37,21,,.0306108981592674,-.0007326149858929,.0007326149858929
T3_col3_LI_c,Capital,8,Carlson Lavertu(2018),.0302628019762573,.0093795229,.02094355,39,21,,.0306108981592674,-.0003480961830101,.0003480961830101
T3_col3_LI_c,Capital,17,Hong Zimmer(2016),.0265991945269052,.009128782,.020776452,39,21,,.0306108981592674,-.0040117036323622,.0040117036323622
T3_col3_LI_c,Capital,1,Abott Kogan Lavertu Peskowitz(2020),.0312533292312233,.0091903303,.020193851,37,21,,.0306108981592674,.0006424310719558,.0006424310719558
T3_col3_LI_c,Capital,19,Jackson Wigger Xiong(2021),.0305554683067391,.0094927484,.021900415,39,21,,.0306108981592674,-.0000554298525284,.0000554298525284
T3_col3_LI_c,Capital,34,Rauscher(2020),.03398307443437,.011731016,.022169203,38,21,,.0306108981592674,.0033721762751026,.0033721762751026
T3_col3_LI_c,Capital,30,Miller(2018),.0304356872311113,.0095287105,.021980692,39,21,,.0306108981592674,-.0001752109281562,.0001752109281562
T3_col3_LI_c,LI_minus_nonLI,27,Lafortune Schonholzer(2022),.0154254419568595,.0082399352,.021272935,39,21,,.0151287550757113,.0002966868811482,.0002966868811482
T3_col3_LI_c,LI_minus_nonLI,10,Cellini Ferreira Rothstein(2010),.0154247769040874,.0078317989,.019791294,39,21,,.0151287550757113,.0002960218283761,.0002960218283761
T3_col3_LI_c,LI_minus_nonLI,14,Gigliotti Sorensen(2018),.0148782113084133,.009069182,.02354045,39,21,,.0151287550757113,-.000250543767298,.000250543767298
T3_col3_LI_c,LI_minus_nonLI,12,Clark(2003),.0152933918808128,.0083166528,.021465437,39,21,,.0151287550757113,.0001646368051015,.0001646368051015
T3_col3_LI_c,LI_minus_nonLI,23,Kogan Lavertu Peskowitz(2017),.0151959403576517,.0085629662,.022229809,39,21,,.0151287550757113,.0000671852819404,.0000671852819404
T3_col3_LI_c,LI_minus_nonLI,34,Rauscher(2020),.0141537742949131,.021254571,.022169203,38,21,,.0151287550757113,-.0009749807807981,.0009749807807981
T3_col3_LI_c,LI_minus_nonLI,35,Rauscher(2020),.0152682181065502,.0081313727,.020801472,38,21,,.0151287550757113,.0001394630308389,.0001394630308389
T3_col3_LI_c,LI_minus_nonLI,102,Martorell Stange McFarlin(2016),.0149696234352611,.0085756369,.022055199,39,21,,.0151287550757113,-.0001591316404502,.0001591316404502
T3_col3_LI_c,LI_minus_nonLI,24,Kreisman Steinberg(2019),.0117002649933334,.0093318224,.020900842,37,21,,.0151287550757113,-.0034284900823778,.0034284900823778
T3_col3_LI_c,LI_minus_nonLI,1,Abott Kogan Lavertu Peskowitz(2020),.0194077200197624,.0071395771,.020193851,37,21,,.0151287550757113,.0042789649440511,.0042789649440511
T3_col3_LI_c,LI_minus_nonLI,30,Miller(2018),.0149327503011799,.0085902018,.021980692,39,21,,.0151287550757113,-.0001960047745313,.0001960047745313
T3_col3_LI_c,LI_minus_nonLI,19,Jackson Wigger Xiong(2021),.014981660793881,.0085436823,.021900415,39,21,,.0151287550757113,-.0001470942818303,.0001470942818303
T3_col3_LI_c,LI_minus_nonLI,100,Brunner Hyman Ju(2020) Lafortune Rothstein Schanzenbach(2018),.0104860028757771,.011073517,.021654638,34,21,,.0151287550757113,-.0046427521999341,.0046427521999341
T3_col3_LI_c,LI_minus_nonLI,16,Guryan(2001),.0150974421531112,.008407467,.021600557,39,21,,.0151287550757113,-.0000313129226,.0000313129226
T3_col3_LI_c,LI_minus_nonLI,5,Baron(2022),.0138937953507025,.0084104156,.020499483,37,21,,.0151287550757113,-.0012349597250087,.0012349597250087
T3_col3_LI_c,LI_minus_nonLI,32,Neilson Zimmerman(2014),.0150707630407642,.0085207792,.021981049,39,21,,.0151287550757113,-.0000579920349471,.0000579920349471
T3_col3_LI_c,LI_minus_nonLI,0,full sample,.0151287550757113,.0082321335,.021032995,40,22,.0151287550757113,.0151287550757113,,
T3_col3_LI_c,LI_minus_nonLI,37,Weinstein Stiefel Schwartz Chalico(2009),.0154542110574466,.0074547636,.018486599,39,21,,.0151287550757113,.0003254559817354,.0003254559817354
T3_col3_LI_c,LI_minus_nonLI,17,Hong Zimmer(2016),.0153897739518105,.0081121605,.020776452,39,21,,.0151287550757113,.0002610188760992,.0002610188760992
T3_col3_LI_c,LI_minus_nonLI,3,Baron(2022),.0133302254709611,.0082903188,.020926652,38,21,,.0151287550757113,-.0017985296047501,.0017985296047501
T3_col3_LI_c,LI_minus_nonLI,8,Carlson Lavertu(2018),.0150422589742695,.00823789,.02094355,39,21,,.0151287550757113,-.0000864961014418,.0000864961014418
T3_col3_LI_c,LI_minus_nonLI,98,Conlin Thompson(2017) Goncalves(2015),.0197420237920481,.0094276518,.021668123,37,21,,.0151287550757113,.0046132687163369,.0046132687163369
T3_col3_LI_c,LI_minus_nonLI,99,Chaudhary(2009) Hyman(2017) Papke(2008) Roy(2011),.0151905850419258,.0076485714,.01907282,37,21,,.0151287550757113,.0000618299662146,.0000618299662146
T3_col3_LI_c,Overall,99,Chaudhary(2009) Hyman(2017) Papke(2008) Roy(2011),.0347280807216231,.0072050942,.01907282,37,21,,.0359451664998633,-.0012170857782402,.0012170857782402
T3_col3_LI_c,Overall,16,Guryan(2001),.0361444215842795,.0076642619,.021600557,39,21,,.0359451664998633,.0001992550844161,.0001992550844161
T3_col3_LI_c,Overall,0,full sample,.0359451664998633,.0074666319,.021032995,40,22,.0359451664998633,.0359451664998633,,
T3_col3_LI_c,Overall,24,Kreisman Steinberg(2019),.033861231621621,.0074313013,.020900842,37,21,,.0359451664998633,-.0020839348782423,.0020839348782423
T3_col3_LI_c,Overall,34,Rauscher(2020),.0348937531580054,.007747001,.022169203,38,21,,.0359451664998633,-.0010514133418579,.0010514133418579
T3_col3_LI_c,Overall,102,Martorell Stange McFarlin(2016),.0361812463535637,.0076241121,.022055199,39,21,,.0359451664998633,.0002360798537004,.0002360798537004
T3_col3_LI_c,Overall,23,Kogan Lavertu Peskowitz(2017),.0387216541272454,.0084679434,.022229809,39,21,,.0359451664998633,.0027764876273821,.0027764876273821
T3_col3_LI_c,Overall,35,Rauscher(2020),.0381964332211078,.008104194,.020801472,38,21,,.0359451664998633,.0022512667212445,.0022512667212445
T3_col3_LI_c,Overall,1,Abott Kogan Lavertu Peskowitz(2020),.0352670255700214,.0073708384,.020193851,37,21,,.0359451664998633,-.000678140929842,.000678140929842
T3_col3_LI_c,Overall,30,Miller(2018),.0337820510136967,.0081484802,.021980692,39,21,,.0359451664998633,-.0021631154861666,.0021631154861666
T3_col3_LI_c,Overall,12,Clark(2003),.0394573058636731,.0080510871,.021465437,39,21,,.0359451664998633,.0035121393638098,.0035121393638098
T3_col3_LI_c,Overall,27,Lafortune Schonholzer(2022),.0355633519800686,.007445938,.021272935,39,21,,.0359451664998633,-.0003818145197948,.0003818145197948
T3_col3_LI_c,Overall,37,Weinstein Stiefel Schwartz Chalico(2009),.0394858933774685,.0067661302,.018486599,39,21,,.0359451664998633,.0035407268776052,.0035407268776052
T3_col3_LI_c,Overall,10,Cellini Ferreira Rothstein(2010),.0354904107492038,.0072875698,.019791294,39,21,,.0359451664998633,-.0004547557506595,.0004547557506595
T3_col3_LI_c,Overall,14,Gigliotti Sorensen(2018),.0352077036129621,.0089526251,.02354045,39,21,,.0359451664998633,-.0007374628869012,.0007374628869012
T3_col3_LI_c,Overall,100,Brunner Hyman Ju(2020) Lafortune Rothstein Schanzenbach(2018),.035837942496518,.0081602074,.021654638,34,21,,.0359451664998633,-.0001072240033454,.0001072240033454
T3_col3_LI_c,Overall,8,Carlson Lavertu(2018),.0342525439554917,.0074085901,.02094355,39,21,,.0359451664998633,-.0016926225443716,.0016926225443716
T3_col3_LI_c,Overall,98,Conlin Thompson(2017) Goncalves(2015),.0361211932834033,.0076709189,.021668123,37,21,,.0359451664998633,.00017602678354,.00017602678354
T3_col3_LI_c,Overall,3,Baron(2022),.0354439277950018,.00744136,.020926652,38,21,,.0359451664998633,-.0005012387048616,.0005012387048616
T3_col3_LI_c,Overall,17,Hong Zimmer(2016),.0355873657437586,.007390291,.020776452,39,21,,.0359451664998633,-.0003578007561047,.0003578007561047
T3_col3_LI_c,Overall,19,Jackson Wigger Xiong(2021),.0345221405075587,.0081525287,.021900415,39,21,,.0359451664998633,-.0014230259923046,.0014230259923046
T3_col3_LI_c,Overall,32,Neilson Zimmerman(2014),.0360499559835989,.0075966311,.021981049,39,21,,.0359451664998633,.0001047894837356,.0001047894837356
T3_col3_LI_c,Overall,5,Baron(2022),.0357548932113833,.0074135549,.020499483,37,21,,.0359451664998633,-.00019027328848,.00019027328848
T3_col4_test,Overall,23,Kogan Lavertu Peskowitz(2017),.0338573527008707,.0069731548,.023597743,25,21,,.0323205506707452,.0015368020301255,.0015368020301255
T3_col4_test,Overall,100,Brunner Hyman Ju(2020) Lafortune Rothstein Schanzenbach(2018),.0322236268090402,.0068968944,.022419723,24,21,,.0323205506707452,-.000096923861705,.000096923861705
T3_col4_test,Overall,3,Baron(2022),.0318500526159301,.0063553387,.021934537,25,21,,.0323205506707452,-.0004704980548151,.0004704980548151
T3_col4_test,Overall,12,Clark(2003),.0343307546974667,.0069240993,.023803212,25,21,,.0323205506707452,.0020102040267215,.0020102040267215
T3_col4_test,Overall,98,Conlin Thompson(2017) Goncalves(2015),.0349645386671046,.0065616216,.0228638,24,21,,.0323205506707452,.0026439879963594,.0026439879963594
T3_col4_test,Overall,102,Martorell Stange McFarlin(2016),.0328680629282805,.0067878054,.022713244,25,21,,.0323205506707452,.0005475122575353,.0005475122575353
T3_col4_test,Overall,27,Lafortune Schonholzer(2022),.0313216010532701,.0066129495,.022144787,25,21,,.0323205506707452,-.0009989496174751,.0009989496174751
T3_col4_test,Overall,19,Jackson Wigger Xiong(2021),.0312005202255871,.0066338917,.022096215,25,21,,.0323205506707452,-.0011200304451581,.0011200304451581
T3_col4_test,Overall,0,full sample,.0323205506707452,.0063783512,.022071935,26,22,.0323205506707452,.0323205506707452,,
T3_col4_test,Overall,30,Miller(2018),.0305557409809016,.0065806457,.021541491,25,21,,.0323205506707452,-.0017648096898436,.0017648096898436
T3_col4_test,Overall,8,Carlson Lavertu(2018),.0311351083674542,.0063377814,.021782329,25,21,,.0323205506707452,-.001185442303291,.001185442303291
T3_col4_test,Overall,35,Rauscher(2020),.0331895465096849,.0066992259,.022617975,25,21,,.0323205506707452,.0008689958389397,.0008689958389397
T3_col4_test,Overall,5,Baron(2022),.0331217157820194,.0063648457,.021419127,25,21,,.0323205506707452,.0008011651112742,.0008011651112742
T3_col4_test,Overall,24,Kreisman Steinberg(2019),.0296310492706138,.0060431412,.020772874,25,21,,.0323205506707452,-.0026895014001314,.0026895014001314
T3_col4_test,Overall,17,Hong Zimmer(2016),.0312680353538018,.0063518696,.021850668,25,21,,.0323205506707452,-.0010525153169434,.0010525153169434
T3_col4_test,Overall,34,Rauscher(2020),.0350844117396498,.0064122556,.020988166,25,21,,.0323205506707452,.0027638610689046,.0027638610689046
T3_col4_test,Overall,14,Gigliotti Sorensen(2018),.0314135121480143,.0069010286,.022395644,25,21,,.0323205506707452,-.0009070385227309,.0009070385227309
T3_col4_test,Overall,37,Weinstein Stiefel Schwartz Chalico(2009),.0345983922407446,.006187405,.021320999,25,21,,.0323205506707452,.0022778415699994,.0022778415699994
T3_col4_test,Overall,1,Abott Kogan Lavertu Peskowitz(2020),.0313657328121127,.006330241,.021785112,25,21,,.0323205506707452,-.0009548178586325,.0009548178586325
T3_col4_test,Overall,99,Chaudhary(2009) Hyman(2017) Papke(2008) Roy(2011),.0313403128205409,.0062904349,.020858148,23,21,,.0323205506707452,-.0009802378502043,.0009802378502043
T3_col4_test,Overall,32,Neilson Zimmerman(2014),.0325075001448675,.0067592948,.022621416,25,21,,.0323205506707452,.0001869494741223,.0001869494741223
T3_col4_test,Overall,16,Guryan(2001),.0324428285852509,.0064635286,.022397006,25,21,,.0323205506707452,.0001222779145057,.0001222779145057
T3_col4_test,Overall,10,Cellini Ferreira Rothstein(2010),.0311342304126105,.0062623657,.021309644,25,21,,.0323205506707452,-.0011863202581346,.0011863202581346
T3_col5_atta,Overall,22,Jackson Johnson Persico(2016),.054546219093883,.0091341278,.025579365,22,10,,.0573329609524499,-.0027867418585669,.0027867418585669
T3_col5_atta,Overall,4,Baron(2022),.0545165969290783,.0081186928,.024764376,23,10,,.0573329609524499,-.0028163640233716,.0028163640233716
T3_col5_atta,Overall,101,Cascio Gordon Reber(2013) Johnson(2015),.0545769919277418,.0082876366,.022835547,21,10,,.0573329609524499,-.0027559690247081,.0027559690247081
T3_col5_atta,Overall,28,Lee Polachek(2018),.0575289069618072,.010425304,.030673746,24,10,,.0573329609524499,.0001959460093573,.0001959460093573
T3_col5_atta,Overall,37,Weinstein Stiefel Schwartz Chalico(2009),.0569537440548473,.0085667232,.027278187,24,10,,.0573329609524499,-.0003792168976026,.0003792168976026
T3_col5_atta,Overall,2,Abott Kogan Lavertu Peskowitz(2020),.0573017491523402,.0086752772,.027497649,22,10,,.0573329609524499,-.0000312118001097,.0000312118001097
T3_col5_atta,Overall,99,Chaudhary(2009) Hyman(2017) Papke(2008) Roy(2011),.05871422385812,.0096576931,.027601924,22,10,,.0573329609524499,.00138126290567,.00138126290567
T3_col5_atta,Overall,7,Candelaria Shores(2019),.0570106545900282,.00897671,.027092982,22,10,,.0573329609524499,-.0003223063624217,.0003223063624217
T3_col5_atta,Overall,31,Miller(2018),.0567953945320039,.01007821,.029620705,24,10,,.0573329609524499,-.0005375664204461,.0005375664204461
T3_col5_atta,Overall,25,Kreisman Steinberg(2019),.0626090850516001,.0077483123,.020980326,22,10,,.0573329609524499,.0052761240991502,.0052761240991502
T3_col5_atta,Overall,0,full sample,.0573329609524499,.008598919,.026681622,25,11,.0573329609524499,.0573329609524499,,
T3_col5_atta,Overall,20,Jackson Wigger Xiong(2021),.0632466813206433,.010178218,.031477544,24,10,,.0573329609524499,.0059137203681933,.0059137203681933
T3_col6_LI,LI_minus_nonLI,22,Jackson Johnson Persico(2016),.044356058044924,.038881686,.022001682,22,10,,.0553671997112251,-.0110111416663011,.0110111416663011
T3_col6_LI,LI_minus_nonLI,0,full sample,.0553671997112251,.027995078,.021927105,25,11,.0553671997112251,.0553671997112251,,
T3_col6_LI,LI_minus_nonLI,99,Chaudhary(2009) Hyman(2017) Papke(2008) Roy(2011),.0809198848951964,.01607684,.019942744,22,10,,.0553671997112251,.0255526851839713,.0255526851839713
T3_col6_LI,LI_minus_nonLI,25,Kreisman Steinberg(2019),.048643863577775,.052277867,.019969858,22,10,,.0553671997112251,-.00672333613345,.00672333613345
T3_col6_LI,LI_minus_nonLI,2,Abott Kogan Lavertu Peskowitz(2020),.0585470703099728,.028802793,.022758629,22,10,,.0553671997112251,.0031798705987477,.0031798705987477
T3_col6_LI,LI_minus_nonLI,4,Baron(2022),.0493433845310029,.027308747,.019746155,23,10,,.0553671997112251,-.0060238151802222,.0060238151802222
T3_col6_LI,LI_minus_nonLI,37,Weinstein Stiefel Schwartz Chalico(2009),.0553225068249141,.028469296,.022781247,24,10,,.0553671997112251,-.000044692886311,.000044692886311
T3_col6_LI,LI_minus_nonLI,101,Cascio Gordon Reber(2013) Johnson(2015),.0541177429886209,.024960678,.016446227,21,10,,.0553671997112251,-.0012494567226042,.0012494567226042
T3_col6_LI,LI_minus_nonLI,7,Candelaria Shores(2019),.0500980154247632,.031575851,.023004815,22,10,,.0553671997112251,-.0052691842864619,.0052691842864619
T3_col6_LI,LI_minus_nonLI,20,Jackson Wigger Xiong(2021),.0552761415374595,.029454976,.024668371,24,10,,.0553671997112251,-.0000910581737656,.0000910581737656
T3_col6_LI,LI_minus_nonLI,28,Lee Polachek(2018),.0552884385327542,.030153226,.026111476,24,10,,.0553671997112251,-.0000787611784709,.0000787611784709
T3_col6_LI,LI_minus_nonLI,31,Miller(2018),.0552760498800732,.029728662,.025222568,24,10,,.0553671997112251,-.0000911498311519,.0000911498311519
T3_col6_LI,Overall,37,Weinstein Stiefel Schwartz Chalico(2009),.0569676939217012,.0078146532,.022781247,24,10,,.0574119559380608,-.0004442620163596,.0004442620163596
T3_col6_LI,Overall,101,Cascio Gordon Reber(2013) Johnson(2015),.0550518912670338,.0078131389,.016446227,21,10,,.0574119559380608,-.002360064671027,.002360064671027
T3_col6_LI,Overall,4,Baron(2022),.0559193103385164,.0077894153,.019746155,23,10,,.0574119559380608,-.0014926455995444,.0014926455995444
T3_col6_LI,Overall,7,Candelaria Shores(2019),.0578079966924234,.0080442084,.023004815,22,10,,.0574119559380608,.0003960407543626,.0003960407543626
T3_col6_LI,Overall,22,Jackson Johnson Persico(2016),.0560504556558177,.008141607,.022001682,22,10,,.0574119559380608,-.0013615002822431,.0013615002822431
T3_col6_LI,Overall,28,Lee Polachek(2018),.0565486924205507,.010436656,.026111476,24,10,,.0574119559380608,-.0008632635175101,.0008632635175101
T3_col6_LI,Overall,20,Jackson Wigger Xiong(2021),.0654237275832348,.005932569,.024668371,24,10,,.0574119559380608,.008011771645174,.008011771645174
T3_col6_LI,Overall,99,Chaudhary(2009) Hyman(2017) Papke(2008) Roy(2011),.0569774988936758,.0082047665,.019942744,22,10,,.0574119559380608,-.000434457044385,.000434457044385
T3_col6_LI,Overall,2,Abott Kogan Lavertu Peskowitz(2020),.057508292335758,.0078802677,.022758629,22,10,,.0574119559380608,.0000963363976972,.0000963363976972
T3_col6_LI,Overall,0,full sample,.0574119559380608,.0078563243,.021927105,25,11,.0574119559380608,.0574119559380608,,
T3_col6_LI,Overall,31,Miller(2018),.0558068345746661,.0097564636,.025222568,24,10,,.0574119559380608,-.0016051213633947,.0016051213633947
T3_col6_LI,Overall,25,Kreisman Steinberg(2019),.0599868489925783,.0086916015,.019969858,22,10,,.0574119559380608,.0025748930545175,.0025748930545175
T3_col7_atta,Overall,20,Jackson Wigger Xiong(2021),.0606979015359618,.0079914266,.017740868,11,10,,.0568259628160267,.0038719387199351,.0038719387199351
T3_col7_atta,Overall,28,Lee Polachek(2018),.0562318228448296,.00846422,.019186348,11,10,,.0568259628160267,-.0005941399711971,.0005941399711971
T3_col7_atta,Overall,99,Chaudhary(2009) Hyman(2017) Papke(2008) Roy(2011),.0574315528936712,.0079910252,.018488821,11,10,,.0568259628160267,.0006055900776445,.0006055900776445
T3_col7_atta,Overall,4,Baron(2022),.0548839006389893,.0070297024,.014244761,11,10,,.0568259628160267,-.0019420621770374,.0019420621770374
T3_col7_atta,Overall,25,Kreisman Steinberg(2019),.0613517567651114,.0067489706,.014352252,11,10,,.0568259628160267,.0045257939490847,.0045257939490847
T3_col7_atta,Overall,101,Cascio Gordon Reber(2013) Johnson(2015),.0548359948251845,.0070749051,.01039728,10,10,,.0568259628160267,-.0019899679908422,.0019899679908422
T3_col7_atta,Overall,31,Miller(2018),.0559233210574445,.0081814928,.01862276,11,10,,.0568259628160267,-.0009026417585821,.0009026417585821
T3_col7_atta,Overall,22,Jackson Johnson Persico(2016),.0529309541937172,.0068512107,.01567835,11,10,,.0568259628160267,-.0038950086223095,.0038950086223095
T3_col7_atta,Overall,37,Weinstein Stiefel Schwartz Chalico(2009),.0567228474786179,.0072324462,.017459232,11,10,,.0568259628160267,-.0001031153374088,.0001031153374088
T3_col7_atta,Overall,0,full sample,.0568259628160267,.0072249398,.01674057,12,11,.0568259628160267,.0568259628160267,,
T3_col7_atta,Overall,2,Abott Kogan Lavertu Peskowitz(2020),.0567998119207468,.0072968733,.01779177,11,10,,.0568259628160267,-.0000261508952799,.0000261508952799
T3_col7_atta,Overall,7,Candelaria Shores(2019),.0588370492363094,.0088140583,.020045539,11,10,,.0568259628160267,.0020110864202827,.0020110864202827
