"","theta","g","SE.g","G","SE.G","Bias.g"
"1",-3,0.00900638698166116,0.00233567086057339,0.00900638698166116,0.00233567086057339,0.0100962151991615
"2",-2.9,0.00866457968436197,0.00277395421254626,0.0176709666660231,0.00510951734025621,0.0119649950678969
"3",-2.8,0.00833780071003993,0.00317346139235217,0.0260087673760631,0.00828276309652167,0.0136668379560426
"4",-2.7,0.00802730470205793,0.00353457752442216,0.034036072078121,0.0118170378219965,0.0152039978086405
"5",-2.6,0.00773409188877978,0.00385836032273693,0.0417701639669008,0.0156750285031136,0.0165812684712176
"6",-2.5,0.00745894426639909,0.00414636693437877,0.0492291082332999,0.0198209741707728,0.0178054259479783
"7",-2.4,0.00720246183258301,0.00440051541514003,0.0564315700658829,0.0242210265440726,0.0188847117414444
"8",-2.3,0.00696509832641436,0.00462296678291217,0.0633966683922972,0.0288434937387706,0.0198283630594054
"9",-2.2,0.0067471961291094,0.00481602270441795,0.0701438645214066,0.033658981699386,0.0206461919554396
"10",-2.1,0.00654902016463845,0.00498203639200695,0.0766928846860451,0.0386404463064584,0.0213482123154564
"11",-2,0.00637079080996892,0.00512333488945912,0.083063675496014,0.0437631674983281,0.0219443109636921
"12",-1.9,0.00621271598321539,0.00524215091818477,0.0892763914792294,0.0490046549679452,0.0224439569515895
"13",-1.8,0.00607502272810367,0.00534056224717116,0.0953514142073331,0.054344492955926,0.0228559411986894
"14",-1.7,0.005957988759851,0.0054204362699875,0.101309402967184,0.0597641293222006,0.023188136939736
"15",-1.6,0.00586197458727338,0.00548337714860386,0.107171377554457,0.0652466114046949,0.0234472697383365
"16",-1.5,0.00578745698663552,0.00553067250415452,0.112958834541093,0.0707762681068212,0.0236386839717421
"17",-1.4,0.00573506478425188,0.00556323616590664,0.118693899325345,0.0763383340993196,0.0237660904588544
"18",-1.3,0.00570561811920689,0.00558154288448248,0.124399517444552,0.0819185078257422,0.0238312770352434
"19",-1.2,0.00570017261985992,0.00558555011416061,0.130099690064412,0.0875024299440244,0.0238337600520681
"20",-1.1,0.00572007025713668,0.00557460089915479,0.135819760321548,0.0930750626068401,0.023770349575689
"21",-1,0.00576699905857352,0.00554730047493502,0.141586759380122,0.0986199421470992,0.023634593944621
"22",-0.9,0.0058424855106769,0.00550171890943404,0.147429244890799,0.104118632543823,0.0234176832252156
"23",-0.8,0.00594616037242053,0.0054364481098823,0.153375405263219,0.109551242562336,0.0231131948404855
"24",-0.7,0.00607737084609071,0.00534975103850655,0.15945277610931,0.114896082918418,0.0227132688136209
"25",-0.6,0.0062356816997653,0.00523933680366673,0.165688457809075,0.12012908980615,0.022207557636382
"26",-0.5,0.00642081496002928,0.00510246390836194,0.172109272769105,0.125223342112521,0.0215836329144412
"27",-0.4,0.00663259257241059,0.00493604595869384,0.178741865341515,0.13014866947003,0.0208273802035063
"28",-0.3,0.00687088012098653,0.00473677076357997,0.185612745462502,0.134871355672262,0.0199234138388734
"29",-0.2,0.00713553009761215,0.0045012457833246,0.192748275560114,0.139353948321242,0.0188555391136595
"30",-0.0999999999999996,0.00742632357670408,0.00422618826622451,0.200174599136818,0.143555191013878,0.0176072852385473
"31",0,0.00774290951017644,0.00390869128105726,0.207917508646994,0.14743009889093,0.0161625285090836
"32",0.1,0.00808474123046883,0.00354662839350471,0.216002249877463,0.150930201824506,0.0145062204850266
"33",0.2,0.00845101015438107,0.00313934267300865,0.224453260031844,0.154003981660167,0.0126252302876821
"34",0.3,0.00884057712850166,0.00268900624836632,0.233293837160346,0.156597530417172,0.0105093029582322
"35",0.4,0.00925190235475166,0.00220382340962993,0.242545739515098,0.158655454775817,0.00815212690278895
"36",0.5,0.00968297538183835,0.00170716793324819,0.252228714896936,0.160122048095201,0.00555249262183616
"37",0.6,0.0101312472373843,0.0012676748561906,0.26235996213432,0.160942744159641,0.00271551220702546
"38",0.7,0.0105935673893079,0.00107285825932289,0.272953529523628,0.161065856450988,-0.00034614525438796
"39",0.8,0.0110661288366288,0.00132711152143865,0.284019658360257,0.160444592706136,-0.00361106265030904
"40",0.9,0.0115444252012367,0.00190550531317315,0.295564083561494,0.15903931674975,-0.00704800409313722
"41",1,0.0120232241742237,0.00262833887530386,0.307587307735717,0.156820008259719,-0.0106150549226783
"42",1.1,0.0124971500631808,0.00341703177633578,0.320084457798898,0.153767809434776,-0.0142638993919953
"43",1.2,0.0129626427332172,0.00423892828921949,0.333047100532115,0.149872938292504,-0.0179567856374493
"44",1.3,0.0134165297542577,0.00507577543796256,0.346463630286373,0.145134735714078,-0.021656863287336
"45",1.4,0.0138555087849204,0.00591379949767135,0.360319139071293,0.139562601393168,-0.0253243803094998
"46",1.5,0.0142761776805013,0.00674080397017379,0.374595316751795,0.133176931099061,-0.0289171477561303
"47",1.6,0.0146750689664186,0.00754514846883478,0.389270385718213,0.126010091218125,-0.0323911028982631
"48",1.7,0.0150486884286063,0.00831540218158775,0.40431907414682,0.118107508853789,-0.0357009665149673
"49",1.8,0.0153935574470242,0.00904027800478201,0.419712631593844,0.109529033850258,-0.0388009867739742
"50",1.9,0.0157062585691079,0.00970869997863125,0.435418890162952,0.100350878196192,-0.0416457586670979
"51",2,0.0159834836903052,0.0103099412329192,0.451402373853257,0.0906687352230317,-0.0441911044621082
"52",2.1,0.0162220840830314,0.0108338016929861,0.467624457936288,0.0806033009819869,-0.0463949972368819
"53",2.2,0.0164191213979992,0.0112708078628775,0.484043579334287,0.0703107773272661,-0.0482185064190638
"54",2.3,0.0165719186577615,0.0116124226051667,0.500615497992049,0.0600040227307166,-0.0496267415204332
"55",2.4,0.0166781101763591,0.0118512553271297,0.517293608168408,0.0499970454604824,-0.0505897680863771
"56",2.5,0.0167356892759703,0.0119812641555556,0.534029297444378,0.0407994206210859,-0.0510834684278628
"57",2.6,0.01674305263587,0.0119979423405525,0.550772350080248,0.0332934564396432,-0.0510903191021797
"58",2.7,0.0166990401047094,0.0118984816615512,0.567471390184958,0.028876746047275,-0.0506000574725813
"59",2.8,0.0166029688372083,0.0116819062221617,0.584074359022166,0.0288524581135605,-0.0496102110874283
"60",2.9,0.0164546606828861,0.0113491708369663,0.600529019705052,0.0329433200005404,-0.0481264661188613
"61",3,0.0162544618583021,0.0109032193231629,0.616783481563354,0.039541266760641,-0.0461628546859395
"62",3.1,0.0160040788191596,0.0103508371975268,0.632787560382514,0.0472249429805086,-0.0437493085901393
"63",3.2,0.0157089315765708,0.00970767769857312,0.648496491959085,0.0551600893803856,-0.0409521780865824
"64",3.3,0.0153753969150252,0.00899165935598913,0.66387188887411,0.06289211320208,-0.0378468256342585
"65",3.4,0.0150098235149862,0.00822051373885622,0.678881712389096,0.070164502420602,-0.0345073931801289
"66",3.5,0.0146184133803294,0.00741135603307858,0.693500125769426,0.0768263045520029,-0.0310048685147942
"67",3.6,0.0142071228306394,0.00658036999638583,0.707707248600065,0.082787918413507,-0.0274055363947178
"68",3.7,0.0137815833562359,0.00574262781852943,0.721488831956301,0.0879989204386605,-0.0237698160242045
"69",3.8,0.0133470418547208,0.00491208380347633,0.734835873811022,0.0924359349072074,-0.0201514682892929
"70",3.9,0.0129083191481753,0.00410183277651194,0.747744192959197,0.0960952947981352,-0.0165971422496234
"71",4,0.012469785220638,0.00332486889001435,0.760213978179835,0.0989881350948444,-0.0131462207747671
"72",4.1,0.012035349307919,0.00259601013006396,0.772249327487754,0.101136818284882,-0.00983091954290122
"73",4.2,0.0116084628014186,0.00193702827862955,0.783857790289173,0.102572158293692,-0.0066765914029782
"74",4.3,0.0111921328754884,0.0013912313563718,0.795049923164661,0.103331173965039,-0.00370218873181005
"75",4.4,0.010788944793006,0.0010562252564084,0.805838867957667,0.103455230883964,-0.000920839251323598
"76",4.5,0.0104010909648861,0.00105558122680665,0.816239958922553,0.10298849311389,0.0016595048198144
"77",4.6,0.0100304050158887,0.00132617946495363,0.826270363938442,0.101976637511711,0.00403537899617792
"78",4.7,0.00967839932297534,0.00169959694100765,0.835948763261417,0.100465798621344,0.00620710893692703
"79",4.8,0.00934630472788592,0.00208806350925903,0.845295067989303,0.0985017196445538,0.00817812581691196
"80",4.9,0.00903511136977482,0.00245926043581566,0.854330179359078,0.096129088693123,0.00995431161370505
"81",5,0.00874560982692945,0.00280128426612304,0.863075789186007,0.0933910415380966,0.0115433858545209
"82",5.1,0.00847797881474013,0.00311043508122686,0.871553768000747,0.0903282625647233,0.0129566327005059
"83",5.2,0.00823057105051364,0.00338814364340847,0.879784339051261,0.0869768540647958,0.0142140359691887
"84",5.3,0.00800146627758495,0.0036372348353184,0.887785805328846,0.0833683847605213,0.0153351999510458
"85",5.4,0.00778892849648017,0.00386066812180509,0.895574733825326,0.0795304792118688,0.0163371340728669
"86",5.5,0.00759138362586591,0.0040612781506002,0.903166117451192,0.075487326747649,0.0172346201773049
"87",5.6,0.00740740008024001,0.00424167715189956,0.910573517531432,0.0712601212050887,0.0180405241982359
"88",5.7,0.0072356718661432,0.0044042264907932,0.917809189397575,0.0668674412824938,0.0187660610385211
"89",5.8,0.00707500385964381,0.00455103858180363,0.924884193257219,0.0623255799737185,0.0194210199668367
"90",5.9,0.0069242989790532,0.00468399182864656,0.931808492236272,0.0576488303754735,0.0200139566236872
"91",6,0.00678254700989571,0.00480475049040558,0.938591039246168,0.0528497341348057,0.0205523567152284
"92",6.1,0.00664881487542045,0.00491478560668301,0.945239854121589,0.0479392979218858,0.0210427756381021
"93",6.2,0.00652223817650215,0.00501539514670976,0.951762092298091,0.0429271825569403,0.0214909575875864
"94",6.3,0.00640201385053868,0.00510772255743311,0.958164106148629,0.0378218687736503,0.0219019371294754
"95",6.4,0.00628739382065964,0.00519277339777065,0.964451499969289,0.0326308030492805,0.0222801257424674
"96",6.5,0.00617767952482967,0.00527143000693288,0.970629179494119,0.0273605264602701,0.022629385445629
"97",6.6,0.00607221722977195,0.00534446428496754,0.976701396723891,0.0220167891186009,0.0229530913009556
"98",6.7,0.0059703940474747,0.00541254872509558,0.982671790771365,0.016604652398116,0.0232541843129464
"99",6.8,0.00587163458272866,0.00547626586233739,0.988543425354094,0.0111285808616861,0.0235352160262439
"100",6.9,0.00577539814897163,0.00553611630873362,0.994318823503066,0.0055925255416171,0.023798385941162
"101",7,0.00568117649693444,0.00559252554161714,1,NA,0.0240455727190665
